pond_id,timestamp,temperature,dissolved_oxygen,ph,ammonia
1,2026-10-06T06:00:00Z,27.2,5.1,7.4,0.03
1,2026-10-06T08:00:00Z,27.8,5.5,7.5,0.03
1,2026-10-06T10:00:00Z,28.4,6.2,7.7,0.02
1,2026-10-06T12:00:00Z,29.1,6.8,7.8,0.02
1,2026-10-06T14:00:00Z,29.5,7.1,7.9,0.03
1,2026-10-06T16:00:00Z,29.2,6.9,7.8,0.03
1,2026-10-06T18:00:00Z,28.6,6.3,7.6,0.04
1,2026-10-06T20:00:00Z,28.0,5.8,7.5,0.04
1,2026-10-06T22:00:00Z,27.6,5.4,7.4,0.04
1,2026-10-07T00:00:00Z,27.3,5.2,7.4,0.03
1,2026-10-07T02:00:00Z,27.1,5.0,7.3,0.03
1,2026-10-07T04:00:00Z,27.0,4.9,7.3,0.03
1,2026-10-07T06:00:00Z,27.3,5.3,7.4,0.03
